RFP,RBP,RFV,RBV,RZA,RXA,RZG,LFP,LBP,LFV,LBV,LZA,LXA,LZG,M
58.2,41.8,18.1,13,-8.94,1.74,0.01,41.44,61.45,10.1,16.1,-9.58,-0.57,0.04,328
47.64,52.36,10.1,11.1,-8.34,0.99,0.87,38.55,66.78,10,20.1,-9.62,-0.52,0.04,333
50,50,10.1,10.1,-8.99,2.74,-0.02,33.22,56.62,13.1,17.1,-9.61,-0.5,0.04,338
35.47,64.53,6.1,11.1,-8.76,-0.16,0.17,43.38,84.93,4.1,23.1,-9.61,-0.48,0.07,343
57.22,42.78,32.1,24,-9.02,-1.4,0.14,15.07,95.35,0.2,4.1,-8.54,-1.72,-0.31,348
70.05,29.95,42.1,18,-9.06,-1.65,0.16,4.65,50,0.2,0.2,-10.06,-1.24,-0.38,353
-1.66,101.6655,-0.9,55,-8.09,-3.59,-0.08,50,50,0.2,0.2,-9.72,0.1,0.1,358
6.19,93.81,3.1,47,-8.59,-2.43,-0.01,50,99.52,0.2,41.1,-9.77,1.33,0.15,363
15.61,84.39,11.1,60,-9.05,-1.59,0.05,0.48,51.28,19.1,20.1,-9.53,2.04,0.01,368
0.27,99.73,0.2,74,-9.12,-0.69,0.07,48.72,77.07,16.1,54.1,-9.49,1.44,-0.01,373
2.17,97.83,0.2,9,-7.21,-3.7,-2.03,22.93,99.7,0.2,67.1,-10.02,0.68,0.11,378
46.86,53.14,29.1,33,-9.13,-1.3,0.04,0.3,99.84,,121.1,-9.67,1.21,0.06,383
85.24,14.76,64.1,11.1,-8.45,-2.25,0.09,0.16,99.75,0.2,81.1,-9.45,1.3,-0.05,388
34.6,65.4,20.1,38,-8.93,-2.04,0.02,0.25,99.77,0.2,88.1,-9.38,-0.62,-0.09,393
37.61,62.39,21.1,35,-9.21,-1.19,-0.15,0.23,78.13,24.1,86.1,-9.87,-0.63,0.27,398
39.22,60.78,47.1,73,-9.08,-0.6,0.09,21.87,86.52,13.1,84.1,-7.33,-4.97,0.05,403
,41.83,132.1,95,-9.47,0.26,0.07,13.48,29.2,56,23.1,-8.9,4.91,0.07,408
,42.54,104,77,-8.39,-3.08,0.11,70.8,35.48,42,23.1,-9.44,2.66,0.02,413
53.96,46.04,96.1,82,-8.56,-2.66,0.02,64.52,89.81,,133.1,-9.61,0.58,0.01,418
36.49,63.51,43.1,75,-9.73,0.99,-0.1,10.19,77.21,,149.1,-9.57,0.17,0.06,423
,44.84,,113,-9.19,-1.33,0.16,22.79,84.55,,186.1,-9.52,1.51,0.06,428
,20.11,127.1,32,-8.5,-2.6,0.23,15.45,66.2,46,90.1,-9.35,3.49,0.05,433
,22.83,142,42,-8.03,-2.98,-0.02,33.8,51.26,,104.1,-9.2,2.98,-0.01,438
25.39,74.61,21.1,62,-9.24,-0.81,0.09,48.74,73.5,,158.1,-9.56,-0.51,0.09,443
58.3,41.7,74.1,53,-9.86,-3.04,0.12,26.5,75.21,,185.1,-9.4,2.73,0.07,448
,25.93,120,42,-8.79,-3.07,0.17,24.79,45.95,46,39.1,-8.48,6.47,0.06,453
,31.68,138,64,-9.03,-3.02,-0.02,54.05,64.99,41,76.1,-9.31,0.56,-0.03,458
,32.48,158,76,-8.88,-2.4,0.01,35.01,65.27,,107.1,-10.07,3.42,1.32,463
,,101,64,-10.69,-2.87,0.26,34.73,64.39,,150.1,-9.6,0.74,0.07,468
,34.86,114,61,-8.81,-2.19,0.12,35.61,38.98,116,74.1,-9.06,3.36,0.03,473
44.57,55.43,61.1,76,-8.7,-2.66,-0.04,,67.81,,101.1,-9.96,0.45,-0.07,478
54.22,45.78,97.1,82,-8.41,-2.65,0.08,32.19,71.61,,184.1,-10.38,1.16,-0.02,483
,24.21,191,61,-8.79,-2.34,0.06,28.39,72.91,,191.1,-9.2,0.78,0.13,488
44.23,55.77,34.1,43,-9.35,-3.12,0.03,27.09,36.19,113,64.1,-8.65,5.71,0.08,493
45.08,54.92,59.1,72,-8.01,-5.33,0.08,,49,,120.1,-9.53,1.7,0.01,498
49.26,50.74,63.1,65,-7.21,-4.08,-0.37,,48.45,,155.1,-9.38,1.77,0.02,503
4.03,95.97,2.1,50,-8.84,0.49,0.31,,77.04,,114.1,-9.7,1.04,0.05,508
7.18,92.82,4.1,53,-8.66,0.49,0.42,22.96,99.84,,124.1,-9.52,2,0.12,513
0.29,99.71,0.2,69.1,-9.54,1.91,0.57,0.16,73.45,,105.1,-9.37,3.79,0.39,518
0.33,99.67,0.2,61.1,-9.35,0.76,0.42,26.55,92.58,,101.1,-10.7,-2.17,-0.06,523
4.65,,0.2,4.1,-10.88,-0.98,8.73,7.42,75.62,,115.1,-9.74,2.75,-0.3,528
68.63,31.37,92.1,42.1,-0.29,0.21,-0.03,24.38,90.49,,115.1,-8.43,3.6,-0.4,533
65.77,34.23,71.1,37,-8.58,-3.38,0.19,9.51,99.85,,130.1,-8.44,2.38,-0.44,538
55.94,44.06,47.1,37.1,-9.1,-1.04,0.06,0.15,99.32,0.2,29.1,-9,5.06,-0.39,543
80.04,19.96,40.1,10,-7.78,-3.4,-0.03,0.68,50,0.2,0.2,3.06,5.19,-8.73,548
,116.3442,-5.9,42,-6.6,-5.06,-0.03,50,97.71,,128.1,-7.78,5.33,0.15,553
50.4,49.6,70.1,69,-6.25,-4.68,-0.14,2.29,96.49,,357,-8.28,5.03,0.08,558
81.15,18.85,52.1,12.1,-5.87,-2.16,-0.24,3.51,88.46,,108.1,-8.21,6.14,-0.49,563
,23.47,101.1,31,-8.46,-2.13,0.22,11.54,88.46,,154.1,-7.76,5.49,0.22,568
54.64,45.36,83.1,69,-8.31,0.23,0,11.54,97.89,,144.1,-6.39,8.05,0.13,573
,26.3,112.1,40,-7.9,-0.84,-0.02,2.11,89.69,,140.1,-7.83,6.01,0.15,578
,,100.1,75,-10.46,0.43,0.05,10.31,84.2,17.1,91.1,-9.19,3.41,-0.08,583
55.5,44.5,61.1,49,-8.95,0.34,0.24,15.8,97.13,2.1,71.1,-11.59,1.96,-0.3,588
40.62,59.38,43.1,63,-8.66,-0.86,0.13,2.87,84.06,13.1,69.1,-8.68,2.17,-0.04,593
55.9,44.1,43.1,34,-8.24,-0.48,0.08,15.94,97.38,,115.1,-11.14,1.99,0.11,598
81.5,18.5,40.1,9.1,-7.43,-2.02,0.09,2.62,99.74,0.2,78.1,-10.86,1.28,-0.24,603
68.91,31.09,93.1,42,-7.63,-3.15,0.34,0.26,90.66,,127.1,-8.98,3.81,0.04,608
,43.82,100,78,-8.63,-0.8,0.22,9.34,91.71,,177.1,-9.07,3.82,0.08,613
93.39,6.61,72.1,5.1,-7.24,-4.48,0.52,8.29,87.58,,155.1,-8.63,4.64,0,618
46.71,53.29,56.1,64,-8.09,-2.07,-0.07,12.42,79.13,,144.1,-8.41,4.33,-0.19,623
52.89,47.11,64,57,-8.2,-2.99,0.11,20.87,94.18,,131.1,-8.95,3.18,-0.14,628
23.43,76.57,10.1,33,-7.67,-2.61,0.15,5.82,99.56,0.2,45.1,-8.55,4.04,-0.17,633
0.49,99.51,0.2,41,-8.59,-5.59,0.06,0.44,70.17,28.1,66.1,-9.23,3.9,-0.42,638
4.19,95.81,2.1,48,-8.83,-2.42,-0.12,29.83,88.22,,113.1,-9.87,1.47,0.18,643
54.75,45.25,12.1,10,-9.07,-2.69,0.06,11.78,92.9,,119.1,-8.65,3.92,0.04,648
61.14,38.86,77.1,49,-9.23,-1.2,0.02,,112.991131,,113.1,-10.13,0.68,0.08,653
64.52,35.48,89.1,49,-8.47,-3.12,-0.02,,99.86,,139.1,-9.66,1.64,0,658
87.97,12.03,73.1,10,-8.32,-1.85,-0.21,0.14,99.83,,115.1,-9.2,2.84,-0.01,663
0.22,99.78,0.2,90,-9.25,0.87,0,0.17,90.91,,170.1,-9.17,2.51,0.05,668
43.41,56.59,72.1,94,-9.15,0.15,0.06,9.09,91.05,,123.1,-8.36,5.24,0.1,673
68.16,31.84,47.1,22,-9.13,-1.21,0.2,8.95,86.63,,182.1,-8.83,4.64,0.04,678
56.67,43.33,68,52,-8.69,-1.35,-0.05,13.37,99.89,,188.1,-9.97,-0.54,0.06,683
55.21,44.79,64.1,52,-9.3,-0.79,-0.08,0.11,90,,243.1,-9.75,0.56,0.04,688
42.61,57.39,40.1,54,-9.46,-0.15,0.25,10,78.69,,251.1,-9.82,0.75,0.07,693
64.31,35.69,81.1,45,-8.64,-2.22,0.01,21.31,60.76,40.1,62.1,-8.49,4.89,0.08,698
48.91,51.09,87.1,91,-8.85,-1.63,0.03,39.24,69.12,,170.1,-8.93,3.92,0.02,703
60.22,39.78,65.1,43,-8.32,-2.9,0.04,30.88,96.79,,184.1,-9.31,2.84,0.03,708
52.01,47.99,53.1,49,-8.79,-1.95,-0.08,3.21,84.52,,126.1,-9.19,2.1,0.1,713
0.32,99.68,0.2,63,-9.41,1.01,-0.16,15.48,74.04,,191.1,-9.01,4.62,0.02,718
26.01,73.99,34.1,97,-9.84,0.95,0.22,25.96,75.24,,164.1,-8.67,3.81,0.07,723
32.24,67.76,,141,-9.16,-0.11,0.08,24.76,72.45,,205.1,-8.98,4.01,0.02,728
68.21,31.79,75.1,35,-9,-1.93,0.2,27.55,88.01,,198.1,-9.58,1.62,-0.01,733
,22.95,141,42,-8.75,-1.78,0.06,11.99,95.95,,192.1,-9.94,-1.77,0.06,738
,15.79,176,33,-8.48,-2.66,0.03,4.05,96.05,,243.1,-9.61,1.54,0.05,743
,19.34,171,41,-8.71,-2.3,0,3.95,99.9,,205.1,-9.64,1.36,0.07,748
20.09,79.91,18.1,72,-9.07,0.27,-0.08,0.1,88.54,,132.1,-8.84,5.79,0.05,753
12.81,87.19,,130,-9.75,0.75,0.13,11.46,76.48,,130.1,-8.92,3.68,0.05,758
,17.98,187,41,-8.78,-1.71,0.07,23.52,68.6,,131.1,-8.88,4.25,0.02,763
,23.45,222,68,-8.8,-2.37,0.04,31.4,63.2,,139.1,-8.99,4.2,0,768
,28.2,219,86,-8.72,-2.02,-0.01,36.8,98.24,,229.1,-9.21,2.24,0.04,773
,32.72,,107,-8.63,-2,0.04,1.76,97.19,,176.1,-8.39,3.74,0.07,778
12.64,87.36,,132,-9.36,-0.59,0.08,2.81,81.9,,190.1,-8.93,4.73,0.03,783
,30.88,141,63,-9.29,0.1,0.12,18.1,64.02,,201.1,-9.05,3.73,0.04,788
,22.94,178,53,-8.55,-2.88,0.04,,79.47,,190.1,-8.94,4.01,0.01,793
,31.69,166,77,-9.12,-1.22,0,20.53,92.18,,225.1,-8.85,2.47,0.04,798
20.44,79.56,22.1,86,-9.24,-0.61,-0.09,7.82,99.18,,254.1,-9.49,2.11,0.06,803
6.96,93.04,,135,-9.27,-0.36,0.06,0.82,82.76,,202.1,-9.34,2.86,0.06,808
9.52,90.48,,134,-8.97,0.51,0.04,17.24,72.64,,215.1,-9.16,3.43,0.03,813
52.12,47.88,38.1,35,-9.97,-1.68,0.35,27.36,83.22,,243.1,-9.46,2.65,0.03,818
46.45,,32.1,37,-10.82,-1.82,0.19,16.78,99.92,,238.1,-9.54,1.94,0.01,823
50.88,49.12,58,56,-9.7,-1.68,0.01,0.08,99.92,,256.1,-9.53,1.89,-0.06,828
57.19,42.81,48.1,36,-8.77,-3.17,0.05,0.08,85.77,,247.1,-9.68,0.17,0.06,833
57.78,42.22,56.1,41,-8.89,-2.44,-0.02,14.23,69.02,,138.1,-9.48,3.5,0.86,838
52.56,47.44,42.1,38,-8.99,-1.97,0.08,30.98,89.64,,173.1,-10.32,1.54,1.73,843
66.45,33.55,93.1,47,-9.15,-1.25,-0.04,10.36,83.34,,120.1,-8.59,3.95,0.16,848
58.6,41.4,82.1,58,-9.03,-1.27,0.03,16.66,62.67,,151.1,-9.18,3.73,0.04,853
,47.75,,107,-9.18,-0.9,0.1,37.33,78.19,,172.1,-9.39,2.76,0.01,858
,37.78,140,85,-8.8,-1.97,0.04,21.81,66.3,,173.1,-9.44,2.56,0.03,863
7.22,92.78,,117,-9.81,1.07,-0.07,33.7,80.22,,150.1,-9.28,2.15,0.06,868
58.6,41.4,82.1,58,-9.03,-1.27,0.03,19.78,78.45,,211.1,-9.55,1.71,0.04,873
,47.75,,107,-9.18,-0.9,0.1,21.55,70.19,,200.1,-9.35,2.48,0.06,878
,37.78,140,85,-8.8,-1.97,0.04,29.81,63.4,,213.1,-9.6,2.64,-0.02,883
7.22,92.78,,117,-9.81,1.07,-0.07,,87.61,,212.1,-9.83,-0.51,0.06,888
,47.09,,106,-9.34,0.08,0.07,12.39,65.11,,222.1,-9.73,0.96,0.05,893
,50.85,,117,-9.65,0.3,0.06,,64.81,,243.1,-9.72,0.69,0.04,898
,47.75,,138,-9.2,-0.76,0.13,,71.54,,206.1,-9.29,2.11,0.07,903
,48.58,,139,-9.11,-1.03,0.07,28.46,64.8,,219.1,-9.68,1.6,-0.03,908
33.71,66.29,,128,-9.01,0.05,-0.02,,74.28,,254.1,-9.64,0.6,0.02,913
,53.46,,146,-9.34,-0.25,0.02,25.72,84.2,,213.1,-9.33,0.35,-0.04,918
60.65,39.35,97.1,63,-9.18,1.11,0.23,15.8,90.27,,177.1,-9.18,2.71,0.1,923
,26.65,110.1,40,-8.9,-2.42,0.14,9.73,81.25,20.1,87.1,-8.03,5.8,0.01,928
,38.2,110,68,-8.93,-2.09,-0.06,18.75,99.89,,186.1,-9.41,0.67,-0.06,933
,31.07,133.1,60,-9.09,-1.83,0.05,0.11,85.24,,220.1,-9.47,1.57,0.07,938
53.63,46.37,45.1,39,-8.77,-2.56,0.05,14.76,99.88,,160.1,-9.22,1.59,0.14,943
50.1,49.9,24.1,24,-8.31,-4.71,0.15,0.12,74.89,,152.1,-8.89,4.75,0.35,948
47.68,52.32,40.1,44,-6.85,-5.36,-0.1,25.11,99.89,,180.1,-10.25,1.7,-0.42,953
,48.86,,107,-7.16,-3.21,0.4,0.11,97.91,,192.1,-8.94,3.56,-0.25,958
42.29,57.71,60.1,82,-8.55,-0.1,0.29,2.09,99.87,,152.1,-8.3,3.77,-0.09,963
99.18,,24.1,0.2,-33.39,-5.13,3.89,0.13,99.18,0.2,24.1,3.03,-2.18,-8.73,968
85.49,14.51,83.1,14.1,,-14.28,0.2,0.82,99.95,,415,-5.7,6.79,0.52,973
62.1,37.9,23.1,14.1,,-25.34,7.81,0.05,101.111731,,173.1,-9.67,6.51,0.23,978
72.75,27.25,80.1,30,-6.85,-3.71,-0.16,-1.11,99.96,,482,-8.66,4.81,0.2,983
,28.15,102.1,40,-9.41,-5.23,0.26,0.04,99.96,,470,-9.19,4.33,-0.3,988
67.6,32.4,75.1,36,-8.5,-0.96,-0.07,0.04,101.051821,,182.1,-11.28,0.7,-0.14,993
,17.69,107,23,-8.95,-1.91,0.14,-1.05,97.42,,117.1,-9.63,3.11,0.04,998
,6.29,119.1,8,-8.54,-0.89,0.07,2.58,99.88,,160.1,-9.35,3.51,-0.07,1003
,12.25,136.1,19,-8.61,-0.2,0.08,0.12,98.66,,155.1,-9.31,2.78,0.04,1008
,13.61,165,26,-8.53,-1.8,0.1,1.34,90.38,,123.1,-8.23,5.38,0.1,1013
,4.73,143,7.1,-8.6,-1.89,0.02,9.62,76.28,,161.1,-8.06,6.31,0.04,1018
99.77,0.23,88.1,0.2,-9.16,0.56,0.08,23.72,74.58,,188.1,-8.99,4.16,-0.09,1023
,0.14,143.1,0.2,-9.47,-2.29,0.1,25.42,92.35,,158.1,-9.78,3.31,-0.16,1028
,0.16,123,0.2,-8.23,-1.81,0.42,7.65,88.74,,111.1,-9.11,4.2,-0.31,1033
,7.42,151,12.1,-8.13,-2.48,0.15,11.26,89.87,6.1,54.1,-9.28,3.45,-0.14,1038
,5.78,132.1,8.1,-8.78,1.41,0.18,10.13,98.84,0.2,17.1,-8.74,2.59,-0.23,1043
,0.11,182,0.2,-8.16,-2.88,0.52,1.16,50,0.2,0.2,-8.32,5.37,-0.49,1048
,0.18,112,0.2,-8.53,-1.32,-0.06,50,93.76,6,90.1,-9.75,0.17,0.15,1053
50,50,0.2,0.2,-7.24,-2.86,-0.35,6.24,95.62,,155.1,-9.9,1.65,0.49,1058
77.56,22.44,59.1,17.1,-8.5,-3.52,-0.05,4.38,99.89,,179.1,-9.45,1.92,0.05,1063
93.95,6.05,48.1,3.1,-8.42,-3.46,0.09,0.11,82.83,,121.1,-8.67,4.2,0.08,1068
89.45,10.55,94.1,11.1,-8.11,-3.72,0.16,17.17,65.78,14.1,27.1,-7.56,6.33,0.11,1073
,8.13,182,16.1,-7.85,-4.07,0.04,34.22,41.45,41.1,29.1,-8.34,5.24,0.03,1078
,9.18,178,18,-8.22,-3.15,-0.11,58.55,67.47,12.1,25.1,-8.56,3.59,-0.03,1083
,0.68,160,1.1,-9.24,1.19,-0.08,32.53,99.82,,113.1,-8.96,1.81,0.04,1088
,7.73,179,15,-9.2,0.08,0.03,0.18,72.7,,181.1,-9.59,1.76,0.03,1093
,9.33,204,21,-9.09,-0.22,0.08,27.3,72.74,,200.1,-9.58,0.69,0.07,1098
,8.21,190,17,-8.5,-2.09,0.02,27.26,76.68,,207.1,-8.38,3.95,0.04,1103
,0.15,137,0.2,-9.31,0.28,0.07,23.32,84.04,,221.1,-9.31,3.84,0.03,1108
,0.66,165,1.1,-8.58,-1.73,0.21,15.96,73.11,,163.1,-8.54,6.13,0.05,1113
,0.09,235,0.2,-9.11,-1.69,-0.05,26.89,72.9,,207.1,-8.95,3.27,0.02,1118
,0.08,237,0.2,-8.76,-1.72,-0.14,27.1,72.67,,186.1,-9.71,1.01,0.04,1123
,4.64,144,7,-9.56,1.57,0.04,27.33,73.15,,226.1,-9.43,2.11,0,1128
,15.99,147.1,28,-8.99,0.1,0.08,26.85,78.24,,266.1,-9.75,0.9,0.05,1133
,14.65,163.1,28,-9.22,0.1,0.05,21.76,76.03,,279.1,-9.68,0.92,0.05,1138
,11.22,174,22,-9.05,-0.69,0.16,23.97,69.26,,223.1,-9.64,0.92,0.08,1143
,6.43,147,10.1,-8.85,-2.15,0.22,30.74,54.79,76,92.1,-8.75,4.68,0.06,1148
,9.05,182,18.1,-8.08,-3.01,0.08,45.21,44.63,113,91.1,-8.6,5,0.05,1153
,8.98,223,22,-8.33,-2.67,0.05,,46.11,,112.1,-8.72,4.36,0.03,1158
,7.66,206,17.1,-8.35,-2.57,0.01,,40.79,125,86.1,-8.82,4.32,0.01,1163
,0.12,173,0.2,-9.16,-0.62,-0.13,,60.63,,114.1,-9.36,0.58,-0.01,1168
99.75,0.25,80.1,0.2,-9.33,0.93,-0.1,39.37,92.3,,193.1,-9.8,0.04,0.05,1173
,1.28,162,2.1,-9.3,-0.08,0.14,7.7,98.49,,202.1,-9.34,3.09,0.05,1178
,0.14,147.1,0.2,-8.9,-1.76,-0.12,1.51,96.32,,238.1,-9.95,-0.5,0.04,1183
98.14,1.86,58.1,1.1,-9.52,0.53,0.05,3.68,99.9,,193.1,-9.79,0.03,0.05,1188
94.01,5.99,80.1,5.1,-9.39,0.31,0.19,0.1,91.39,,192.1,-9.5,0.79,0.05,1193
,17.65,154,33,-8.95,-1.24,0.2,8.61,75.07,,205.1,-9.22,3.63,0.07,1198
,0.14,145,0.2,-7.81,-3.64,0.06,24.93,75.93,,199.1,-8.88,3.77,0.03,1203
,2.58,189,5,-8.6,-2.38,0.02,24.07,70.72,,198.1,-9.13,3.9,0.03,1208
,15.79,176,33,-8.49,-2.3,-0.03,29.28,76.08,,207.1,-9.15,3.73,-0.01,1213
,22.96,114.1,34,-8.82,-0.87,-0.12,23.92,82.63,,224.1,-9.53,1.68,-0.02,1218
,22.29,108.1,31,-9.27,1.52,0.11,17.37,96.28,,261.1,-9.83,0.96,0.01,1223
,22.42,121.1,35,-9.36,0.1,0.16,3.72,88.76,,206.1,-9.58,0.56,0,1228
,6.2,183,12.1,-9.56,0.79,0.03,11.24,84.85,,230.1,-9.6,0.55,0.02,1233
91.89,8.11,69.1,6.1,-9.45,1.41,0.07,15.15,99.9,,197.1,-9.74,0.3,0.13,1238
,5.07,133,7.1,-8.96,-1.36,0.1,0.1,90.4,,207.1,-9.22,3.85,0.03,1243
,0.15,137.1,0.2,-8.56,-1.98,-0.18,9.6,96.69,,207.1,-9.7,0.69,0.01,1248
71.55,28.45,98.1,39,-9.12,0.03,0.05,3.31,94.79,,293.1,-9.62,0.73,0.08,1253
,22.52,117,34,-9.1,-0.72,0.21,5.21,85.41,,217.1,-9.35,3.66,0.04,1258
,11.06,177,22,-8.47,-2.75,0.02,14.59,84.04,,211.1,-9.47,2.61,0.03,1263
,0.12,170,0.2,-8.64,-1.72,0.14,15.96,60.14,,104.1,-8.54,5.34,0.05,1268
,8.96,193,19,-8.41,-2.89,0.04,39.86,56.9,,124.1,-8.77,4.04,0.03,1273
,9.72,196,21.1,-8.41,-2.6,0.03,43.1,59.44,,123.1,-8.79,4.23,0.02,1278
,0.68,161,1.1,-8.59,-2.12,-0.18,40.56,83.3,,145.1,-9.71,2.34,-0.03,1283
,13.03,120.1,18,-9.54,1.75,-0.02,16.7,96.52,,197.1,-9.95,0.32,0.01,1288
,0.16,127,0.2,-8.99,-1.09,0.05,3.48,92.96,,239.1,-9.22,2.61,0,1293
,0.12,170,0.2,-8.86,-1.65,0.28,7.04,75.75,,197.1,-9.05,5.59,0.04,1298
,5.44,106.1,6.1,-9.98,1.77,-0.07,24.25,95.5,,278.1,-9.49,1.61,0.02,1303
,15.84,170,32,-8.97,-0.28,0.09,4.5,91.78,,269.1,-9.75,1.73,0.07,1308
,0.1,207,0.2,-8.83,-2.1,0.04,8.22,72.83,,268.1,-8.91,3.89,0.01,1313
,1.02,203,2.1,-8.66,-1.64,0.12,,49.61,58,57.1,-8.68,3.13,0.08,1318
,1.72,292,5.1,-8.46,-3.61,0.09,50.39,59.09,61,88.1,-9.18,3.01,0.03,1323
,8.52,130,12.1,-8.92,-1.7,0.13,40.91,72.47,,171.1,-8.48,2.63,0,1328
91.14,,73,7.1,-13.55,1.96,0.12,27.53,54.6,,143.1,-8.69,1.49,-0.01,1333
,6.23,182,12.1,-8.86,-1.17,0.07,,75.17,,230.1,-9.82,1.26,0.05,1338
97.05,2.95,69.1,2.1,-8.76,-1.55,0.02,24.83,86.06,,161.1,-10.02,0.53,0.01,1343
84.18,15.82,75,14.1,-8.75,-1.77,0.03,13.94,82.35,,187.1,-9.59,-0.12,0.02,1348
,3.18,125,4.1,-9.25,-1.91,0.05,17.65,75.61,,220.1,-10.36,-1.62,0.01,1353
85.4,14.6,59.1,10.1,-9.26,-1.57,0.07,24.39,76.2,,192.1,-9.71,0.65,0.06,1358
,0.18,111.1,0.2,-9.17,-6.04,0.48,23.8,99.84,,122.1,-8.07,4.05,-0.05,1363
95.35,4.65,84,4.1,-8.43,-1.47,-0.51,0.16,105.931071,,107.1,-8.8,5.77,0.44,1368
90.2,9.8,93,10.1,-8.39,-2.17,-0.02,-5.93,99.89,,177.1,-9.58,3.88,0.31,1373
,13.14,119,18,-8.19,-2.68,-0.42,0.11,95.91,,143.1,-8.58,4.54,0.45,1378
73.81,26.19,45.1,16,-7.17,-3.12,-0.16,4.09,78.86,,123.1,-7.65,6.7,0.32,1383
96.23,3.77,5.1,0.2,11.48,3.33,-8.73,21.14,,0.2,0.2,0,16.27,8.73,1388
71.99,28.01,59.1,23,-3.73,-2.91,0.2,50,77.79,,203.1,-8.71,4.79,0.17,1393
99.01,0.99,20.1,0.2,-6.16,-5.69,0.26,22.21,75.85,15,47.1,-31.15,2.06,0.08,1398
99.72,,71.1,0.2,-10.29,-1.27,-0.15,24.15,99.86,,142.1,-8.21,6.59,0.19,1403
,1.37,151,2.1,-7.7,-3.2,0.07,0.14,93.94,,110.1,-8.31,4.62,0.04,1408
96.03,3.97,75,3.1,-7.43,-2.6,0.02,6.06,87.46,,175.1,-8.95,4.23,-0.05,1413
,11.38,141,18.1,-8.09,-2.37,0.03,12.54,75.1,,199.1,-8.98,2.24,0.01,1418
85.57,14.43,42.1,7.1,-8.49,-1.02,0.07,24.9,95.79,,207.1,-9.15,2.78,0.23,1423
86.78,13.22,99.1,15.1,-8.61,-1.72,-0.16,4.21,99.92,,243.1,-9.57,1.91,0.44,1428
72.8,27.2,91,34,-8.92,-0.49,-0.34,0.08,82.31,,233.1,-10.14,-0.13,0.42,1433
,38.95,116,74,-8.83,-1.43,-0.35,17.69,99.96,,238.1,-9.76,0.96,0.47,1438
87.32,12.68,97.1,14.1,-7.42,-3,0.33,0.04,63.89,22.1,39.1,-8.89,4.54,-0.1,1443
,8.23,224,20.1,-7.75,-3.87,0.23,36.11,50,44.1,44.1,-9.26,3.8,-0.26,1448
96.18,3.82,78,3.1,-6.88,-4.05,0.16,50,53.2,73.1,83.1,-9.6,2,-0.04,1453
84.62,15.38,72.1,13.1,-9.36,-1.68,-0.25,46.8,99.83,,116.1,-9.23,1.99,-0.11,1458
72.94,27.06,46.1,17.1,-9.39,-1.08,0.15,0.17,91.67,6.1,67.1,-10.46,-1.06,-0.08,1463
98.68,1.32,82.1,1.1,-8.43,-2.65,0.12,8.33,55.33,46.1,57.1,-9.69,0.87,0.04,1468
80.92,19.08,98,23.1,-8.07,-4.31,0.16,44.67,32.87,39,19.1,-9.48,3.79,0.04,1473
,9.94,164,18.1,-8.54,-1.79,0.05,67.13,38,93,57,-9.12,3.36,0.06,1478
,7.92,164,14.1,-8.84,-2.7,0.07,62,27.79,112,43.1,-8.35,5.09,0.05,1483
61.02,38.98,86.1,55,-9.33,0.03,-0.23,,99.8,,102.1,-9.69,-0.4,0.01,1488
,22.46,100.1,29,-8.98,-0.08,-0.01,0.2,86.94,,167.1,-9.79,1.18,0.07,1493
,20.06,108,27.1,-8.54,-2.1,0.13,13.06,59.36,39.1,57.1,-9.18,3.68,0.05,1498
,5.77,116,7.1,-9.39,-0.42,-0.07,40.64,73.51,32.1,89.1,-9.32,0.32,0.05,1503
,25.61,183,63,-8.39,-2.95,0.08,26.49,58.42,,146.1,-9.41,2.64,0.04,1508
,29.19,148,61,-8.09,-2.97,0.07,,50.57,,183.1,-9.33,4.71,0.04,1513
,19.91,109,27.1,-8.44,-2.55,0.13,,18.18,140,31.1,-8.59,5.26,0.04,1518
,11.86,194,26.1,-8.7,-1.86,0.03,,28.29,198,78.1,-8.86,4.06,0.03,1523
,12.08,219,30.1,-8.69,-1.56,-0.09,,64.5,,100.1,-9.51,2.54,-0.01,1528
74.8,25.2,86.1,29,-8.98,0.7,-0.09,35.5,98.92,,101.1,-9.95,0.01,0.06,1533
39.78,60.22,62.1,94,-9.35,0.14,0.01,1.08,99.84,,127.1,-10,0.24,0.05,1538
72.38,27.62,92,35.1,-9.21,0.06,0.13,0.16,70.2,39.1,92.1,-9.52,1.64,0.06,1543
,17.37,186,39.1,-8.44,-2.9,-0.02,29.8,64.27,50.1,90.1,-8.75,2.46,0,1548
,29.68,109,46,-9.58,0.93,0.28,35.73,43.46,86,66.1,-7.77,5.47,0.1,1553
,15.12,242,43.1,-8.3,-2.85,0.05,56.54,34.53,131,69.1,-8.86,4.36,0.02,1558
,7.86,259,22.1,-8.6,-2.35,-0.02,,44.35,103,82.1,-9.08,3.75,0.01,1563
,13.68,190,30.1,-8.35,-1.97,-0.11,,56.97,74.1,98.1,-9.68,2.15,-0.01,1568
,33.54,107,54,-9.75,2.08,0.03,43.03,65.19,,131.1,-9.74,-1.12,0.04,1573
,29.93,213,91,-9.13,0.65,0.07,34.81,49.57,,169.1,-9.67,0.73,0.04,1578
,20.31,153,39,-9.37,-0.1,0.12,,49.3,,137.1,-9.47,1.52,0.08,1583
,8.54,226,21.1,-8.76,-2.6,0.18,,36.47,89,51.1,-8.54,4.85,0.09,1588
,11.26,245,31.1,-8.43,-2.49,0.05,63.53,33.69,138,70.1,-8.83,4.37,0.03,1593
,11.36,274,35.1,-8.54,-2.46,0,,32.51,131,63.1,-8.79,4.2,0.01,1598
,18.85,121,28.1,-9,0.33,-0.17,,82.73,,101.1,-9.85,-0.15,0.03,1603
,28.9,123,50,-9.12,-0.96,0.13,17.27,53.06,,130,-9.69,1.42,0.06,1608
,12.29,272,38.1,-8.39,-2.17,-0.01,,46.94,,122.1,-8.89,3.94,0.02,1613
63.91,36.09,92.1,52,-9.54,0.36,0.01,,63.61,,138.1,-9.46,1.37,0.04,1618
,38.02,150,92,-9.15,-0.09,0.07,36.39,76.25,,154.1,-9.63,1.66,0.04,1623
,16.36,113,22.1,-9.77,0.16,0.22,23.75,64.32,51.1,92.1,-8.73,3.07,0.08,1628
,11.41,226,29.1,-8.44,-2.68,-0.02,35.68,38.85,,113.1,-8.85,4.05,0.01,1633
,11.84,239,32.1,-9.05,-0.61,-0.09,,40.18,,102.1,-9.37,2.13,-0.02,1638
68.09,31.91,96,45,-9.67,-0.2,0.17,,46.6,,143.1,-9.46,1.32,-0.01,1643
,23.29,112,34,-9.35,-0.62,0.15,,66.13,,119.1,-9.65,0.87,0.1,1648
,14.33,156,26.1,-8.81,-2.3,0.11,33.87,41.69,,100.1,-9.25,3.11,0.05,1653
99.72,0.28,70,0.2,-7.76,-2.53,-0.52,,76.94,,127.1,-9.39,0.3,-0.64,1658
,10,217,24.1,-9.15,-1.71,0.04,23.06,53.98,,109.1,-8.35,2.53,-0.04,1663
,12.74,165,24.1,-9.08,-0.78,0.03,46.02,56.68,,136.1,-9.33,2.94,0.02,1668
,9.5,182,19.1,-9.05,-2.95,0.07,,44.84,,143.1,-9.31,2.57,0.05,1673
,10.78,158,19.1,-9.05,-1.72,0.03,,48.35,,145.1,-9.18,3.12,0.03,1678
73.36,26.64,47.1,17.1,-9.28,-0.56,-0.03,,99.85,,130.1,-9.3,0.67,0.01,1683
70.78,29.22,51.1,21.1,-9.44,0.3,0.21,0.15,95.57,,110.1,-10.17,-0.16,0.04,1688
,6.44,103.1,7.1,-8.82,-1.09,0.06,4.43,85.02,,131.1,-9.43,2.15,0.04,1693
70.09,29.91,82,35,-9.87,0.79,0.1,14.98,93.32,,211.1,-9.23,0,0.05,1698
,11.72,159,21.1,-9.03,-0.17,-0.02,6.68,69.93,,172.1,-9.68,1.52,0.18,1703
,16.72,140,28.1,-9.23,0.27,0.06,30.07,73.86,,192.1,-9.74,0.68,0.01,1708
,15.11,141,25.1,-9.16,-0.62,0.11,26.14,69.27,,196.1,-9.3,1.16,0.03,1713
41.69,58.31,30.1,42.1,-9.75,-2.03,0.18,30.73,97.27,,146.1,-8.64,0.55,-0.07,1718
63.89,36.11,16.1,9.1,-9.93,-1.68,0.32,2.73,99.83,,115.1,-10.12,-0.37,-0.46,1723
84.86,,51,9.1,-10.76,-4.18,-0.64,0.17,99.14,0.2,23.1,-7.2,7.4,0.48,1728
99.79,0.21,93,0.2,-3.44,-3.5,0,0.86,16.53,51,10.1,-11.65,4.71,0.56,1733
71.58,28.42,48.1,19.1,-6.42,-5.22,-0.5,83.47,50.87,88,91.1,-6.78,7.61,0.45,1738
82.54,17.46,76.1,16.1,-6.55,-5.73,-0.26,49.13,75.61,18.1,56.1,-7.36,6.03,0.23,1743
,34.57,104.1,55,-7.06,-3.77,-0.14,24.39,57.88,56.1,77.1,-8.13,4.24,0.14,1748
61.25,38.75,90.1,57,-7.84,-2.87,0.01,42.12,61.45,49,78.1,-8.34,5.78,0.1,1753
,41.97,105.1,76,-7.49,-2.64,0.15,38.55,68.82,44,97.1,-8.52,5.44,-0.13,1758
,33.94,105.1,54,-6.49,-3.34,0.31,31.18,28.51,83,33.1,-8.02,5.09,-0.26,1763
,28.57,120,48,-7.71,-1.8,0.28,71.49,29.42,65,27.1,-8.64,3.86,-0.04,1768
,-2.02,96,-1.9,-4.79,-6.13,0.02,70.58,54.8,57,69.1,-7.62,6.05,-0.11,1773
92.49,7.51,75.1,6.1,-7.25,-3.28,0.26,45.2,18.6,123,28.1,-8.74,4.13,-0.32,1778
80.83,19.17,80.1,19,-6.52,-3.86,0.3,,22.65,154,45.1,-8.3,5.34,-0.17,1783
77.45,22.55,79,23,-8.36,-3.37,0.25,,36.94,106,62.1,-8.95,3.86,-0.3,1788
,24.83,112,37,-8.48,-3.26,0.18,,53.79,,100.1,-9.38,3.68,-0.11,1793
68.57,31.43,72,33,-8.28,-2.05,-0.02,46.21,88.91,,137.1,-9.66,2.93,0.12,1798
,12.03,125,17.1,-8.79,-3.08,-0.07,11.09,99.87,,156.1,-9.95,0.05,0.17,1803
99.68,,63.1,0.2,-10.77,-3.9,-1.04,0.13,89.84,,160.1,-9.65,3.53,0.85,1808
,,77.1,-5.9,-15.81,-5.88,0.19,10.16,76.11,31.1,99.1,-9.8,3.61,0.07,1813
,22.89,128,38,-9.06,-2.1,0.03,23.89,36.35,170,97.1,-9.95,0.39,0.03,1818
,17.14,145,30,-9.06,-2.06,0.08,,37.72,162,98.1,-8.99,2.22,0.08,1823
88.69,11.31,87,11.1,-9.51,-2.12,0.02,,41.91,136,98.1,-9.49,1.8,0.11,1828
78.52,21.48,84.1,23,-7.39,-4.18,-0.13,,70.65,39.1,94.1,-9.26,0.81,0.18,1833
,18.74,104.1,24,-8.57,-3.35,-0.26,29.35,68.47,,100.1,-9.12,4.44,0.28,1838
56.45,,66.1,51,-10.21,-1.8,0.17,31.53,84.53,12.1,66.1,-9.9,3.7,0.12,1843
,10,144,16,-8.5,-3.67,-0.35,15.47,54.36,68.1,81.1,-9.21,3.62,0.48,1848
,28.06,100,39,-6.28,-4.37,-0.24,45.64,69.68,,138.1,-8.99,5.08,0.31,1853
99.62,,52.1,0.2,-17.26,-5.95,-0.63,30.32,2.41,8.1,0.2,-10.63,-6.4,3.72,1858
41.47,58.53,58.1,82,,-12.96,0.49,97.59,60.92,,109.1,0,10.63,0.03,1863
99.58,0.42,47.1,0.2,-7.01,-5.52,-1.89,39.08,50,0.2,0.2,0,13.15,2.8,1868
82.61,17.39,95,20,-4.72,-5.53,0.01,50,68.96,40.1,89.1,-7.2,7.49,-0.08,1873
,22.56,127,37,-6.8,-4.13,-0.04,31.04,75.99,,111.1,-7.36,4.14,-0.13,1878
74.07,25.93,80,28,-6.36,-3.09,-0.16,24.01,99.86,,145.1,-9.28,4.63,0.18,1883
,14.29,168,28,-8.38,-2.16,0.02,0.14,74.53,,167.1,-9.48,2.74,-0.14,1888
81.7,18.3,49.1,11,-8.29,-0.59,-0.47,25.47,79.03,,128.1,-9.43,3.06,0.27,1893
50.99,49.01,80.1,77,-8.69,-0.72,-0.8,20.97,99.77,0.2,88.1,-10.42,1.38,0.94,1898
,39.71,123,81,-8,-2.4,-0.4,0.23,95.85,,164.1,-9.35,2.33,0.44,1903
28.34,71.66,,152,-9.5,-0.98,-0.39,4.15,97.01,,198.1,-9.73,1.51,0.53,1908
47.37,52.63,53.1,59,-6.67,-6.08,0.52,2.99,0.48,41.1,0.2,-8.83,4.24,-0.17,1913
,9.94,145,16,-8.9,-3.75,0.21,99.52,70.56,40.1,96.1,-10.87,0.32,-0.1,1918
,19.08,140,33,-8.55,-3.43,0.14,29.44,82.85,,155.1,-8.99,3.08,-0.02,1923
,0.54,203,1.1,-8.6,-1.59,-0.09,17.15,84.98,,108.1,-9.35,2.35,0.01,1928
,3.92,223,9.1,-7.84,-3.03,0.12,15.02,30.18,95.1,41.1,-8.58,4.54,0.09,1933
,0.05,217,0.1,-9.95,-1.03,-0.03,69.82,64.86,,133.1,-10.68,1.89,0.05,1938
,4.05,263,11.1,-8.9,-1.54,-0.03,35.14,75.42,,169.1,-9.37,3.66,0.04,1943
,0.62,177,1.1,-8.48,-2.4,0.05,24.58,67.87,,148.1,-8.66,5.21,0.02,1948
,10.24,184,21,-9.42,0.29,0.03,32.13,64.95,,200.1,-9.54,-0.1,0.06,1953
,7.94,233,20.1,-8.43,-1.57,-0.02,,57.01,,130.1,-9.32,3.22,0.02,1958
,7.11,145,11.1,-9.14,0.77,-0.1,42.99,67.51,,183.1,-9.3,1.93,-0.01,1963
,13.71,151,24,-9.27,0.99,0.07,32.49,78.83,,220.1,-9.78,0.04,0.07,1968
,10.28,253,29,-9.13,0.29,0.04,21.17,53.39,,166.1,-9.63,1.51,0.03,1973
,22.22,203,58,-9.13,0.52,0.1,,64.63,,232.1,-9.91,-0.12,0.06,1978
,13.53,230,36,-9.28,-0.81,0.17,,67.49,,166.1,-9.28,4.93,0.09,1983
,19.39,316,76,-8.66,-1.73,0.03,32.51,48.22,,161.1,-9.18,3.89,0.03,1988
,16.35,133,26,-8.5,-0.76,-0.22,,88.29,,159.1,-9.17,3.61,0,1993
67.83,32.17,78,37,-9.22,0.34,0.14,11.71,73.43,,166.1,-9.79,1.77,0.06,1998
,9.89,255,28,-8.94,-1.47,0.01,26.57,58.75,,114.1,-8.9,4.33,0.04,2003
,26.42,142,51,-9.18,-0.43,0.32,41.25,77.09,,155.1,-10.99,-1.23,0.09,2008
,8.97,264,26,-8.36,-2.83,0.03,22.91,55.34,,130.1,-8.93,3.96,0.03,2013
,5.53,275,16.1,-8.66,-2.3,0.03,,51.31,,119.1,-8.68,4.13,0.03,2018
,5.69,267,16.1,-8.4,-2.56,0.05,,62.65,,146.1,-8.84,4.31,0.04,2023
,7.58,233,19.1,-8.46,-2.61,-0.1,37.35,68.95,,140.1,-8.95,4.2,0,2028
,34.27,117,61,-9.33,0.73,-0.04,31.05,63.17,,144.1,-9.69,0.63,0.03,2033
,29.67,,116,-9.12,0.21,0.05,36.83,55.72,,205.1,-9.64,0.89,0.03,2038
,10.92,253,31,-8.84,-0.71,0.19,,47.96,,163.1,-9.51,1.81,0.06,2043
,23.74,167,52,-9,0.49,0.07,,60.21,,183.1,-9.69,2.32,0.04,2048
,29.67,192,81,-8.43,-4.52,0.14,,49.53,,152.1,-8.24,4.9,0.05,2053
,2.71,219,6.1,-9.28,1.87,-0.05,,53.5,,184.1,-9.06,2.4,-0.02,2058
,2.82,245,7.1,-8.98,-1.18,0.11,,54.53,,151.1,-9.61,2.9,0.07,2063
,3.75,259,10.1,-9.61,-1.56,0.03,,53.07,,165.1,-8.48,3.01,-0.03,2068
,2.59,229,6.1,-8.96,-2,0.05,,60.54,,184.1,-9.19,2.62,0.07,2073
96.77,3.23,93,3.1,-8.54,-2.69,0.01,,76.23,,199.1,-8.73,1.7,0.12,2078
41.44,58.56,65.1,92,-8.26,-4.46,0.36,23.77,99.82,,113.1,-8.77,1.1,-0.5,2083
51.71,48.29,62.1,58,-7.52,-3.3,-0.08,0.18,99.88,,166.1,-10.13,3.42,0.29,2088
21.51,78.49,,139,-8.8,0.99,0.65,0.12,99.83,,117.1,-9.31,2.47,-0.69,2093
19.47,80.53,,141,-9.1,0.79,0.45,0.17,80.94,,115.1,-8.56,5.23,-0.43,2098
23.04,,14.1,47.1,-10.31,-0.38,0.36,19.06,99.58,0.2,47.1,-7.75,5.82,-0.07,2103
78.61,21.39,26.1,7.1,2.14,10.28,8.73,0.42,98.06,0.2,10.1,9.05,6.22,-8.73,2108
99.72,0.28,72.1,0.2,-8.3,-3.13,0.88,1.94,73.72,,118.1,-6.64,8.39,-0.22,2113
73.13,26.87,41.1,15.1,-7.3,-2.69,0.14,26.28,62.27,,109.1,-7.55,6.98,-0.2,2118
63.75,36.25,37.1,21.1,-7.29,-3.64,-0.2,37.73,85.03,14.1,80.1,-8.24,5.47,-0.08,2123
77.36,22.64,72.1,21.1,-8.4,-1.6,-0.14,14.97,87.29,,138.1,-8.73,5.14,0.2,2128
82.93,17.07,83.1,17.1,-7.96,-2.64,-0.07,12.71,66.65,,114.1,-8.83,3.85,0.07,2133
,19.4,100.1,24.1,-6.76,-1.67,0.09,33.35,76.02,,127.1,-9.62,2.18,-0.26,2138
69.17,30.83,45.1,20.1,-6.66,0.77,0.01,23.98,69.52,28.1,64.1,-8.84,2.54,-0.38,2143
85.79,14.21,79.1,13.1,-8.65,-4.58,0.41,30.48,69.62,,103.1,-9.28,-0.46,-0.29,2148
,32.76,121.1,59,-9.72,-0.93,0.22,30.38,71.62,,174.1,-8.47,1.69,-0.17,2153
,5.21,111,6.1,-8.18,0.24,0.24,28.38,77.41,,175.1,-9.03,3.44,-0.01,2158
73.51,26.49,64.1,23.1,-6.57,-3.23,-0.07,22.59,77.36,,113.1,-9.03,4.23,-0.15,2163
,24.59,138,45,-8.18,-2.25,0.14,22.64,66.04,,138.1,-9.07,3.96,-0.06,2168
,23.17,113.1,34.1,-8.48,-1.99,0.03,33.96,71.3,25,62.1,-8.52,6.16,-0.29,2173
,30.47,162,71,-9.82,1.2,0.1,28.7,45.87,78,66.1,-9.22,3.04,-0.01,2178
,17.72,163,35.1,-8.76,-2,0.34,54.13,29.52,122,51.1,-8.94,3.8,-0.28,2183
62.81,37.19,71.1,42.1,-8.32,-0.57,-0.51,,58.61,60.1,85.1,-9.16,3.04,-0.01,2188
65.83,34.17,81.1,42.1,-9.86,1.48,0.17,41.39,79.97,,144.1,-10.66,-0.2,0.63,2193
,26.52,100,36.1,-8.44,-3.66,0.26,20.03,61.67,33,53.1,-9.35,2.67,-0.28,2198
72.57,27.43,82,31,-8.49,-5.4,0.27,38.33,71.41,,135.1,-9.08,2.05,0.15,2203
,18.59,105.1,24,-9.1,-2.43,0.03,28.59,87.9,,167.1,-9.03,2,-0.09,2208
,16.9,113.1,23,-8.89,-1.42,0.01,12.1,72.54,,169.1,-9.2,2.75,0.05,2213
,22.93,131.1,39,-8.75,-1.6,0.02,27.46,75.84,,160.1,-9.99,0.01,0.02,2218
,22.22,126,36,-8.84,-1.91,0.07,24.16,51.97,,120.1,-9.42,1.91,0.06,2223
,22.43,166,48,-8.6,-2.25,0.01,,57.32,,149.1,-9.02,3.62,0.04,2228
,18.18,162,36,-8.69,-2.19,0.02,,50.67,,155.1,-9.16,3.44,0.04,2233
,23.02,114,34.1,-9.23,0.23,-0.05,,58.42,,146.1,-9.45,1.73,0,2238
66.64,33.36,80.1,40.1,-9.99,1.82,0.01,,60.07,,215.1,-9.55,1.2,0.05,2243
,34.67,179,95,-9.05,-0.68,0.04,,54.06,,247.1,-9.53,1.11,0.04,2248
,28.99,147,60,-9.03,-0.02,0.02,,64.15,,245.1,-9.5,0.89,0.02,2253
,36.11,115,65,-9,-0.23,0.05,,66.31,,240.1,-9.63,0.3,0.02,2258
,27.4,151,57,-9.23,0.45,0.03,,84.22,,240.1,-9.69,1.09,0.03,2263
,16.55,126.1,25,-9.1,-0.29,0.06,15.78,70.79,,235.1,-9.93,-0.33,0.11,2268
,14.79,110,19.1,-8.96,-1.1,0.02,29.21,74.31,,194.1,-9.6,1.6,0,2273
66.63,,56.1,28.1,-10.59,-2.3,0.18,25.69,86.79,,178.1,-9.31,2.06,-0.02,2278
78.34,21.66,98,27.1,-7.84,-3.55,-0.07,13.21,58.47,,159.1,-8.97,4.88,0.16,2283
,29.56,105.1,44.1,-7.73,-3.65,-0.09,,99.9,,197.1,-9.02,4.22,0.18,2288
,22.13,120,34.1,-7.93,-3.59,-0.19,0.1,83.69,,257.1,-9.5,3.74,0.27,2293
,35.67,101,56,-6.85,-3.62,-0.11,16.31,87.81,,224.1,-9.1,3.85,0.27,2298
79.8,20.2,24.1,6.1,2.12,7.96,-8.73,,-2.6,-7.9,0.2,0,26.36,5.75,2303
34.04,65.96,51.1,99,-7.58,-4.32,-0.63,,85.61,,173.1,-6.88,8.09,0.13,2308
51.22,48.78,23.1,22,-5.71,-0.12,-0.48,14.39,95.31,,124.1,-7.65,-0.45,2.92,2313
45.48,54.52,15.1,18.1,,-18.07,6.15,4.69,99.87,,152.1,-14.69,7.02,-0.3,2318
41.85,58.15,51.1,71,-6.95,-0.3,0.09,,138.42144,,144.1,-13.48,0.96,0.2,2323
42.73,57.27,,106,-8.16,-0.91,0.02,,82.79,,212.1,-10.07,2.04,0.04,2328
57.17,42.83,84.1,63,-7.97,-2.11,0.2,17.21,80.49,,219.1,-8.81,3.43,-0.03,2333
59.26,40.74,93.1,64,-7.57,-2.13,0.14,19.51,77.29,,218.1,-10.12,3.09,-0.05,2338
,16.73,105,21.1,-7.98,-2.13,-0.19,22.71,71.89,,128.1,-9.22,4.86,0.32,2343
50.03,49.97,72.1,72,-8.62,-1.97,-0.04,28.11,99.86,,145.1,-12.92,-0.7,-0.07,2348
28.06,71.94,35.1,90,-9.58,2.52,0.02,0.14,95.96,,216.1,-7.49,4.91,-0.13,2353
15.23,84.77,,123,-9.96,1.3,0.35,4.04,85.26,,203.1,-8.37,2.72,-0.13,2358
61.45,38.55,16.1,10.1,-0.62,7.07,7.02,14.74,50,0.2,0.2,-13.43,2.47,-8.73,2363
3.17,96.83,0.2,6.1,0.31,-1.82,3.51,50,0.52,38,0.2,-18.45,5.71,0.29,2368
79.13,20.87,91,24,-2.11,-2.64,0.51,99.48,53.63,,104.1,-8.15,4.15,-0.18,2373
72.19,27.81,70.1,27,-7.09,-2.66,-0.12,46.37,94.94,,133.1,-8.6,5.07,-0.08,2378
,,109,44,-10.33,-2.85,0.09,5.06,85.86,,122.1,-8.99,2.55,0,2383
,39.53,104,68,-8.2,-2.3,-0.01,14.14,79.18,,122.1,-10.29,0.85,0.04,2388
51.18,48.82,67.1,64,-8.12,-2.3,-0.13,20.82,53.18,,126.1,-11.9,-5.05,-0.02,2393
,39.93,,115,-9.14,-0.29,0.08,,55.18,,187.1,-9.5,1.19,0.08,2398
,40.17,128.1,86,-9.07,2.39,-0.12,,73.53,,161.1,-9.42,2.58,0.07,2403
,7.07,159,12.1,-9.05,-1.27,0.17,26.47,43.84,36,28.1,-9.16,3.69,0.12,2408
,29.68,154,65,-8.49,-1.78,-0.02,56.16,14.94,46.1,8.1,-9.93,0.9,0,2413
,37.26,133,79,-8.84,0.99,-0.02,85.06,76.2,,176.1,-9.53,1.81,0.02,2418
,23.13,216,65,-8.8,-0.44,0.1,23.8,60.4,,157.1,-9.68,0.9,0,2423
,37.37,,139,-9.1,0.01,0.04,,66.47,,216.1,-10.08,-0.26,0.04,2428
,28.89,,104,-9.18,0.72,0.06,,55.46,,234.1,-9.66,0.7,0.03,2433
,29.25,208,86,-9.08,0.14,0.09,,64.5,,207.1,-9.65,1.36,0.04,2438
,33.12,,102,-9.26,-0.26,-0.03,,62.82,,228.1,-9.57,1.66,0.04,2443
,39.63,,107,-9.23,0.91,0.04,,83.48,,147.1,-9.62,1.04,0.02,2448
,47.55,,126,-9.18,0.79,0.06,16.52,85.17,,155.1,-9.6,0.72,0.04,2453
,31.91,192,90,-9.02,-0.69,0.06,14.83,76.8,,129.1,-9.54,1.38,0.03,2458
,34.27,,110,-9.02,-0.86,0.17,23.2,58.96,,145.1,-9.64,1.59,0.06,2463
,31.67,,108,-9.03,-0.7,-0.03,,46.66,,111.1,-9.17,3.25,0.02,2468
,48.54,,118,-9.2,0.96,-0.05,,58.99,,138.1,-9.7,0.78,0.03,2473
,41.55,,145,-9.14,0.16,0.07,41.01,70.95,,166.1,-9.62,1.42,0.03,2478
,33.55,,102,-8.78,-1.51,0.18,29.05,46.15,,125.1,-9.21,2.35,0.06,2483
,36.26,167,95,-9.26,-0.42,-0.07,,52.43,,163.1,-9.06,3.21,-0.01,2488
,35.1,,106,-8.77,-0.19,0.03,,42.38,,161.1,-9.46,2.45,0.01,2493
,9.16,248,25,-8.96,-1.16,0.09,,46.93,,168,-9.38,1.99,0.05,2498
,2.38,127.1,3.1,-6.25,-6.69,-0.68,,74.61,,138.1,-9.24,5.29,0.07,2503
,4.8,240,12.1,-9.18,-1.37,0.05,25.39,54.73,,174.1,-9.35,1.75,0.05,2508
,12.26,108.1,15.1,-9.14,-2.38,0.22,,85.35,,152.1,-9.44,1.11,0.1,2513
,25.29,130,44,-7.56,-1.91,0.08,14.65,87.94,,110.1,-9.71,2.79,-0.05,2518
,38.72,144,91,-8.27,-1.38,0.09,12.06,50.31,89,90.1,-9.85,1.57,0.2,2523
42.89,57.11,,116,-8.59,-1.06,0.54,49.69,82.31,,112.1,-9.07,3.89,-0.28,2528
23.38,76.62,,115,-8.31,-0.26,0.46,17.69,104.311211,,121.1,-9.18,4.14,-0.38,2533
20.6,79.4,,116,-9.62,0.8,0.34,-4.31,109.781111,,111.1,-9.04,3.69,-0.14,2538
50,50,7.1,7.1,11.39,-9.38,8.73,-9.78,84.62,0.2,1.1,-13.45,8.43,-5.42,2543
,16.02,131.1,25,-3.78,1.93,0.1,15.38,97.26,0.2,7.1,-10.17,2.12,-1.26,2548
99.67,0.33,60.1,0.2,-5.07,-7.96,1.84,,117.93651,-9.9,65.1,-13.99,2.97,-0.63,2553
98.17,1.83,59.1,1.1,-8.48,-4.66,-0.05,,71.59,,106.1,-7.22,5.94,0.02,2558
88.29,11.71,61.1,8.1,-7.44,-3.95,-0.01,28.41,62.7,41.1,69.1,-8.49,5.08,0.05,2563
81.65,,76.1,17.1,-10.46,-8.71,0.38,37.3,99.85,,130.1,-8.83,4.71,0.2,2568
57.26,42.74,67,50,-8.97,-2.8,-0.02,0.15,69.62,27.1,62.1,-10.26,2.06,0.05,2573
84.24,15.76,70,13.1,-9.79,-3.52,1.69,30.38,29.64,31.1,13.1,-9.23,-3.39,-1.83,2578
41.97,58.03,,112,-8.96,-0.28,0.08,70.36,73.56,,117.1,-9.6,2.85,0.1,2583
60.4,39.6,96.1,63,-9.16,-0.35,-0.08,26.44,56.56,76.1,99.1,-9.65,3.31,0.14,2588
93.21,6.79,70,5.1,-8.84,-2.63,0.02,43.44,68.08,,162.1,-9.27,3.55,0.11,2593
51.72,48.28,90,84,-9.74,-0.06,-0.03,31.92,88.31,,197.1,-9.28,2.6,0.15,2598
,37.13,127,75,-8.73,-1.45,0.19,11.69,47.34,,106.1,-9.21,2.83,0.04,2603
,18,164,36,-8.83,-2.47,0.14,,25.83,49.1,17.1,-8.76,4.06,-0.21,2608
26.85,73.15,,112,-9.17,0.12,-0.36,74.17,99.78,0.2,89.1,-10.23,0.86,0.59,2613
33.87,66.13,46.1,90,-8.37,-2.44,0.25,0.22,61.57,45,72.1,-9.36,3.01,0.27,2618
,13.25,131,20,-8.36,-3.75,0.2,38.43,28.4,149,59.1,-9.13,2.5,-0.09,2623
43.53,56.47,74,96,-8.88,-2.37,0.2,,38.87,,101.1,-9.07,2.52,-0.03,2628
,25,108,36,-8.53,-3.57,0.15,,34.35,176,92.1,-9.07,4.09,-0.06,2633
,5,116,6.1,-8.53,-3.06,-0.01,,61.24,,101.1,-9.36,2.64,-0.04,2638
,17.36,129,27.1,-8.93,-2.02,0.03,38.76,45.23,,137.1,-9.39,2.06,0.03,2643
,14.93,143,25.1,-9.05,-2.04,0.01,,45.19,,117.1,-9.14,3.08,0.05,2648
,23,164,49,-8.86,-2.3,0.04,,30.49,137,60.1,-9.24,2.98,0.06,2653
,15.49,191,35,-8.82,-1.92,0.04,,44.96,,111.1,-9.4,2.19,0.01,2658
99.72,0.28,71.1,0.2,-5.17,-1.02,0.45,,48.32,91,85.1,-8.7,3.27,-0.11,2663
,10.67,118,14.1,-8.87,-0.52,0.08,51.68,69.52,,171.1,-9.28,0.71,-0.04,2668
,3.69,159,6.1,-9.03,-0.48,0.03,30.48,67.54,,158.1,-9.72,0.1,0.11,2673
73.15,26.85,79,29,-9.63,-0.94,0.01,32.46,65.64,,168.1,-9.22,1.49,0.01,2678
72.6,27.4,40,15.1,-6.89,-4.16,-0.09,34.36,99.83,,117.1,-9.34,1.09,-0.15,2683
77.06,,84,25,-11.33,2.63,-0.16,0.17,34.97,,101.1,-9.22,1.92,0.36,2688
91.34,8.66,96,9.1,-8.56,-3.58,-0.33,,65.97,,155.1,-7.96,6.18,0.36,2693
,11.73,143,19,-8.7,-2.76,-0.15,34.03,54.46,77,92.1,-9.63,2.9,0.37,2698
29.53,70.47,,105,-8.89,-2.96,0.04,45.54,83.9,,151.1,-9.88,2.71,0.18,2703
47.09,52.91,17,19.1,-4.02,13.41,-8.73,16.1,7.91,106,9.1,-8.53,8.89,-0.34,2708
,19.05,119,28,-5.36,-8.52,-0.08,,0.21,93,0.2,-41.72,-2.34,0.87,2713
46.07,53.93,24,28.1,-3.44,-5.4,-1.15,99.79,95.35,0.2,4.1,-0.38,3.83,2.92,2718
36.32,63.68,21.1,37,-6.45,-3.88,-0.23,4.65,51.98,,106.1,-9.11,5.16,0.18,2723
,3.39,117,4.1,-8.56,-3.68,-0.48,48.02,73.56,10.1,28.1,-9.95,3.2,-0.29,2728
77.23,22.77,58,17.1,-9.84,-4.26,0.04,26.44,0.41,48,0.2,-9.58,4.38,0.12,2733
,0.15,136,0.2,-8.19,-2.79,-0.05,99.59,0.6,33.1,0.2,-9.17,3.76,0.15,2738
53.07,46.93,44.1,39,-6.18,-1.97,-0.06,99.4,96.57,2.1,59.1,-11.67,-2.49,0.16,2743
38.37,61.63,,106,-8.17,-1.74,0.26,3.43,99.71,0.2,69.1,-9.53,2.77,0.23,2748
64.29,35.71,99,55,-8.25,-3.41,-0.08,0.29,21.68,69,19.1,-9.05,5.43,-0.28,2753
14.42,85.58,,149,-8.88,-0.56,-0.47,78.32,99.67,0.2,61.1,-9.03,2.08,0.42,2758
13.54,86.46,,173,-9.73,4.53,-0.19,0.33,95.7,,180.1,-9.56,1.94,0.6,2763
58.75,41.25,64.1,45,-8.49,-1.07,0.37,4.3,46.89,17.1,15.1,-8.21,5.67,-0.05,2768
,32.03,104,49,-8.81,1.04,0.49,53.11,91.27,9.1,95.1,-8.72,4.42,-0.23,2773
47.01,52.99,62.1,70,-9.52,-3.82,0.28,8.73,81.44,,114.1,-8.59,5.19,-0.17,2778
29.92,70.08,,115,-7.56,-3.11,0.22,18.56,72.11,,155.1,-7.73,6.3,-0.08,2783
44.65,55.35,37.1,46,-6.94,-4.13,0.85,27.89,98.41,,130.1,-8.88,3.31,-1.36,2788
43.96,56.04,,116,-8.2,-4.43,0.04,1.59,99.84,,125.1,-9.42,3.28,0,2793
45.03,,68,83,-10.09,0.9,0.07,0.16,64.86,46.1,85.1,-9.22,3.06,-0.19,2798
42.61,57.39,,132,-8.71,-1.41,0.13,35.14,65.57,,181.1,-9.72,1.03,-0.01,2803
34.82,65.18,,161,-8.92,-1.67,0.07,34.43,69.72,,182.1,-9.63,2.64,0.05,2808
35.45,64.55,,124,-9.22,-0.61,-0.05,30.28,58.35,,147.1,-9.46,3.04,0.03,2813
42.31,57.69,66,90,-8.88,-2.04,0.01,,71.02,,169.1,-9.61,1.86,0.01,2818
72.27,27.73,39.1,15,-8.18,-0.25,0.14,28.98,70.86,,112.1,-9.64,0.15,-0.04,2823
19.61,,,107,-10.03,-0.29,0.22,29.14,83.63,,123.1,-9.33,1.69,0.08,2828
38.35,61.65,51,82,-9.81,-0.54,-0.02,16.37,54,,135,-9.28,1.05,0.31,2833
31.74,68.26,45.1,97,-8.96,-0.86,0.19,,83.69,,200.1,-9.27,0.91,0.08,2838
33.5,66.5,,135,-8.98,-0.71,0.01,16.31,52.64,,190.1,-10.09,-0.79,0.02,2843
,47.69,102,93,-8.73,-0.54,0.05,,66.67,,164,-9.48,1.24,0.04,2848
,48.72,,114,-9.18,-0.2,0.02,33.33,52.63,,170,-9.72,0.95,0.04,2853
,21.39,158,43,-9.11,-0.44,0.05,,69.62,,103.1,-9.72,0.96,0.05,2858
,32.77,160,78,-8.97,-0.62,0.03,30.38,54.71,,105.1,-9.6,1.26,0.04,2863
,46.57,109,95,-9.02,-0.9,-0.01,45.29,77.6,,149,-10.41,-0.65,0.01,2868
30.13,69.87,,160,-9.34,1.52,0.02,22.4,74.45,,236,-9.72,0.74,0.03,2873
35.51,64.49,,158,-9.05,1.11,0,25.55,80.12,,266,-9.41,0.85,0.03,2878
30.71,69.29,,192,-8.98,1.02,0.03,19.88,79.44,,236.1,-9.67,-0.52,0.04,2883
36.88,63.12,,166,-9.04,0.85,0.03,20.56,81.07,,244.1,-10,-1.19,0.03,2888
28.94,71.06,,177,-9.02,1.25,0,18.93,63.6,,269.1,-9.67,0.2,0.04,2893
28.35,71.65,,210,-9.07,1.78,0.03,,87.74,,294.1,-9.69,-0.37,0.03,2898
30,70,,161,-9.09,0.89,0.26,12.26,79.79,,292.1,-9.73,-0.88,0.06,2903
34.95,65.05,,134,-8.8,-2.13,0.08,20.21,88.36,,129.1,-9.1,3.76,0.11,2908
25.16,74.84,,149,-8.7,-0.12,-0.11,11.64,87.26,,213.1,-9.41,-1.91,-0.18,2913
30.17,69.83,,162,-8.82,1.38,-0.04,12.74,81.83,,248.1,-9.69,1.62,0.06,2918
38.26,61.74,,142,-9.79,-0.55,-0.36,18.17,71.13,,111.1,-9.73,1.62,0.11,2923
,61.86,,180,-8.69,-1.61,0.09,28.87,74.09,,126.1,-10.4,2.39,0.16,2928
22.59,77.41,,110,-8.51,-1.16,-0.03,25.91,61.95,54.1,88.1,-8.62,4.52,0.06,2933
,31.58,117,54,-8.16,-2.34,-0.2,38.05,57.99,63.1,87.1,-7.63,5.6,0.24,2938
46.46,53.54,,106,-9.25,-0.51,-0.05,42.01,61.94,,135.1,-7.75,5.38,0.2,2943
36.78,63.22,,110,-8.56,-2.44,0.16,38.06,76.03,,168.1,-9.57,3.47,0,2948
32.73,67.27,,111,-9.78,-5.06,-0.58,23.97,74.31,,159.1,-7.15,7.84,0.17,2953
71.05,,54,22,-19.31,2.84,0.98,25.69,50,0.2,0.2,5.35,8.95,8.73,2958
18.47,,,102,-12.5,5.82,-1.53,50,58.05,39.1,54.1,-10.23,0.23,-0.31,2963
37.23,,,118,-12.06,2.3,0.07,41.95,67.67,44,92.1,-12.88,3.1,0.55,2968
32.05,67.95,,155,-7.3,-3.51,-0.38,32.33,72.62,12.1,32.1,-7.75,4.41,-0.09,2973
37.8,62.2,,158,-8.5,-2.78,0.09,27.38,91.47,,119.1,-9.22,3.44,0.14,2978
85.21,14.79,12.1,2.1,-8.96,7.57,-3.05,8.53,1.04,19.1,0.2,-8.55,3.85,0.02,2983
,,149,16.1,-10.56,-2.45,0.25,98.96,99.69,0.2,65.1,-9.19,2.08,-0.14,2988
,12.27,143,20,-9.54,-4.86,0.14,0.31,56.12,,110.1,-8.29,4.71,4.26,2993
49.73,50.27,92,93,-8.15,-1.01,0.04,43.88,60.95,32.1,50.1,-9.39,3.07,0.13,2998
,51.02,,125,-8.2,-1.74,0.22,39.05,29.33,87,36.1,-9.63,2.97,-0.11,3003
,4.69,185,9.1,-8.38,-1.44,0.17,70.67,51.51,32.1,34.1,-9.36,3.63,-0.12,3008
,7.86,258,22,-8.63,-2.71,-0.01,48.49,80.78,,139.1,-9.47,1.98,-0.03,3013
15.19,84.81,,235,-8.78,-1.22,-0.55,19.22,99.8,0.2,99.1,-10.12,1.39,0.41,3018
28.98,71.02,,113,-5.82,-4.68,0.38,0.2,97.88,2.1,97.1,-9.49,1.4,0.61,3023
21.84,,,165,-11.48,3.78,-0.39,2.12,26.56,61.1,22.1,-9.18,3.88,-0.25,3028
15.47,84.53,,241,-8.75,-3.25,0.09,73.44,92.9,,132.1,-9.79,0.68,0.37,3033
23.35,76.65,,194,-9.33,-1.1,-0.04,7.1,81.88,,163.1,-9.16,4.31,0.09,3038
67.85,32.15,59.1,28,-7.29,-6.49,0.01,18.12,77.14,,118.1,-9.73,-3.27,-0.62,3043
66,34,66,34,-9.87,-0.21,0.25,22.86,94.89,,169.1,-9.67,0.73,0,3048
97.79,2.21,93,2.1,-9.18,0.18,-0.01,5.11,42.87,72.1,54.1,-9.08,0.39,0.14,3053
,4.48,128,6,-9.01,-0.41,-0.03,57.13,44.18,91.1,72.1,-9.73,2.31,0.06,3058
,16.67,170,34,-8.66,-1.74,0.05,55.82,42.96,109,82.1,-9.73,1.79,0.06,3063
,28.42,136,54,-9.18,-0.88,0.1,,54.25,80.1,95,-10.2,-0.33,-0.01,3068
,23.57,201,62,-8.96,-1.49,0.06,45.75,48.78,,118.1,-9.46,1.35,0.04,3073
33.56,66.44,,117,-9.94,2.34,-0.09,,53.03,,132.1,-9.26,3.65,0.01,3078
30.16,69.84,,160,-8.9,-0.15,0.06,,72.46,,158.1,-9.97,0.04,0.06,3083
28.62,71.38,,197,-9.23,0.11,0.06,27.54,66.12,,207.1,-9.75,0.66,0.03,3088
,65.05,,201,-9.26,0.15,0.06,,74.51,,199.1,-9.65,0.84,0.04,3093
,42.93,109,82,-8.74,-0.96,0.2,25.49,65.71,,163.1,-9.81,0.72,0.05,3098
,53.72,,130,-8.68,-2.37,-0.01,34.29,56.65,,111.1,-9.15,3.99,0.03,3103
,64.74,,202,-9.04,-1.17,0.1,43.35,75.59,,186.1,-9.66,2.19,0.05,3108
,32.64,163,79,-8.46,-2.28,0.05,24.41,57.29,38.1,51.1,-9.12,3.24,0.05,3113
41.88,58.12,,111,-9.8,1.9,-0.16,42.71,36.16,106.1,60.1,-9.1,4.03,0,3118
17.09,82.91,,180,-9.25,0.87,0.09,,69.32,,147.1,-9.77,-2.25,0.03,3123
17.9,82.1,,239,-9.21,0.24,0.01,30.68,51.33,,195.1,-9.67,0.58,0.04,3128
19.82,80.18,,231,-9.25,0.69,0.07,,56.46,,184.1,-9.67,0.19,0.04,3133
36.36,63.64,,140,-8.45,-2.65,0.26,,55.05,,169,-9.76,0.01,0.09,3138
,39.91,131,87,-8.57,-2.12,0.02,,45.26,,105.1,-9.74,2.13,0.08,3143
,45.42,,139,-8.58,-2.49,0.06,,59.34,,200.1,-8.52,4.68,0.03,3148
,31.8,193,90,-8.35,-2.94,0.04,,34.36,174,91.1,-9.07,3.94,0.03,3153
,26.67,154,56,-8.91,-1.36,-0.09,,16.71,175,35.1,-8.71,4.14,0.01,3158
28.37,71.63,,182,-9.17,-0.3,0.11,,64.52,,151.1,-10.23,0.77,0.07,3163
,24.24,175,56,-8.64,-1.83,0.04,35.48,34.71,175.1,93.1,-9.34,3.51,0.06,3168
,26.19,217,77,-8.49,-2.42,0.05,,56.72,,118.1,-8.88,4.17,0.03,3173
,20.7,226,59,-8.59,-2.05,0.02,43.28,51.96,,119.1,-8.83,4.2,0.03,3178
,22.76,207,61,-8.7,-1.86,-0.09,,49.13,88.1,85.1,-9.24,3.21,0,3183
20.74,79.26,,180,-9.29,0.24,-0.02,50.87,54.02,,141.1,-9.8,1.93,-0.01,3188
19.07,80.93,,149,-8.91,-0.15,0.22,,87.11,,156.1,-9.66,0.31,0.06,3193
,21.9,189,53,-8.66,-2.23,0.08,12.89,64.13,,102.1,-9.24,2.52,0.09,3198
27,73,,149,-9.98,1.64,-0.1,35.87,46.13,91.1,78,-8.81,3.58,0,3203
19.13,80.87,,233,-9.45,0.72,0.05,53.87,57.17,,207,-9.04,3.23,0.02,3208
16.54,83.46,,217,-9.27,0.76,0.14,,73.97,,142.1,-9.8,1.26,0.08,3213
,32.67,169,82,-8.49,-2.46,0.09,26.03,54.18,,103,-9.19,3.09,0.06,3218
,36.02,103,58,-9.15,-0.7,-0.09,45.82,52.94,,125,-8.93,3.87,0.01,3223
,40.24,,101,-9.27,-0.34,0.19,,51.09,,164,-9.9,1.54,0.03,3228
,44.07,,104,-9.25,0.09,0.08,,51.85,,196,-9.12,2.83,0.01,3233
28.89,71.11,,128,-8.51,-1.77,0.14,,60.43,,162,-9.79,1.27,0.03,3238
31.44,68.56,,118,-9.39,-2.8,0.26,,83.24,,129.1,-9.4,2.37,0,3243
23.34,76.66,27.1,89,-8.24,-2.38,-0.03,16.76,59.99,62.1,93.1,-9.73,1.66,-0.03,3248
15.43,84.57,,154,-8.84,-1.85,0.24,40.01,109.241171,,117.1,-10.46,0.35,-0.35,3253
41.3,58.7,,135,-8.57,-0.7,0.14,-9.24,79.37,,327,-9.05,2.58,-0.2,3258
37.92,62.08,28.1,46,-8.67,0.23,-0.15,20.63,34.07,186,96.1,-8.6,5.17,0.15,3263
22.56,,,172,-10.64,-0.94,0.42,,55.19,,144.1,-7.71,4.56,-0.05,3268
99.34,,30.1,0.2,-30.56,19.01,1.8,,1.94,10.1,0.2,-9.1,-21.5,-8.73,3273
98.96,1.04,19.1,0.2,-6.98,-2.07,1.76,98.06,70.09,41,96.1,-12.83,7.38,-0.72,3278
86.86,,27.1,4.1,-12.1,10.79,-0.2,29.91,53.74,68.1,79.1,-9.88,4.13,-0.38,3283
96.44,3.56,84,3.1,-6.37,-3.5,0.15,46.26,48.99,76.1,73.1,-10.19,-2.74,-0.06,3288
99.69,0.31,32.1,0.1,-7.82,-8.72,-1.91,51.01,0.27,73.1,0.2,-6.28,6.47,0.62,3293
99.4,0.6,33,0.2,-7.54,4.1,-0.76,99.73,45.17,68.1,56.1,-8.5,4.59,-0.02,3298
,0.16,127,0.2,-9.82,-0.53,-0.06,54.83,46.85,,104.1,-10.92,2.38,0.2,3303
,24.6,141,46,-8.84,-0.88,0.14,,43.99,102,80.1,-9.93,-1.59,-0.02,3308
,,125,44,-10.13,-0.66,0.18,,54.76,,104.1,-9.42,2.43,-0.04,3313
,21.23,115,31,-8.89,-0.15,0.05,45.24,47.34,98,88.1,-9.02,3.43,0.04,3318
,11.11,144,18,-9.07,-0.58,0.16,52.66,44.66,,138,-9.43,2.04,-0.03,3323
,33.02,142,70,-9.28,-0.24,0.15,,64.06,,155.1,-9.16,3.3,-0.15,3328
,18.89,176,41,-9.07,-1.13,0.14,35.94,53.89,,146.1,-9.36,3.98,-0.11,3333
,27.04,116,43,-8.44,-1.17,0.13,,44.09,,104.1,-9.28,3.06,0.01,3338
,19.88,133,33,-8.82,-0.22,0.14,,46.47,,145,-10.15,1.11,0.05,3343
,10.14,195,22,-8.97,-0.71,-0.01,,37.44,,110.1,-9.42,3.37,0.03,3348
,19.29,205,49,-8.61,-0.51,0.05,,28.39,250,99.1,-9.56,1.77,0.02,3353
,25.96,211,74,-8.65,-0.62,0.04,,43.5,,110.1,-9.56,2.15,0.03,3358
,27.93,209,81,-9.08,0.05,0.05,,33.94,183,94,-9.58,1.81,0.03,3363
,26.57,199,72,-9.01,-0.38,0.01,,40.93,,108.1,-9.6,1.88,0.04,3368
,29.41,216,90,-9.21,0.66,0.06,,52.91,,127.1,-9.56,1.34,0.03,3373
,33.69,,126,-8.92,0.06,0.03,,46.97,,117,-9.72,1.62,0.02,3378
,55.06,,136,-9.1,0.71,-0.03,,49.12,,137.1,-9.52,1.55,0.02,3383
,60.35,,207,-9.04,1.23,0.04,,67.61,,146.1,-9.86,-0.24,0.04,3388
,45.24,,133,-8.94,0.73,0.14,32.39,64.25,,185.1,-9.99,-0.05,0.02,3393
,30.32,216,94,-8.82,-0.3,-0.02,,45.2,,136.1,-9.49,2.4,0.04,3398
,59.04,,209,-9.1,1.15,0.03,,49.35,,191,-9.75,0.75,0.02,3403
,58.39,,268,-9.08,1.02,0.06,,53.56,,203,-9.75,0.27,0.03,3408
,52.67,,217,-8.99,0.04,0.11,,49.88,,200,-9.8,0.55,0.03,3413
30.11,69.89,,107,-8.36,0.05,0.14,,52.91,,209,-9.85,0.49,0.09,3418
20.03,79.97,,192,-7.92,-0.32,-0.23,,52.28,,218,-9.12,3.53,0.22,3423
16.93,83.07,,285,-7.37,-1.82,-0.3,,46.28,,130.1,-9.96,3.2,0.72,3428
28.79,71.21,,188,-7.46,-3.15,0.13,,60.98,,189.1,-9.26,2.7,0.5,3433
30.41,69.59,,181,-9.26,-1.06,-0.25,,68.49,,124.1,-9.92,1.88,0.23,3438
42.33,57.67,,109,-7.07,-3.68,-1.44,31.51,99.82,,113.1,-10.02,0.62,0.55,3443
13.63,86.37,13.1,83,-7.31,-9.79,-0.1,0.18,50,0.2,0.2,8.23,5.71,8.73,3448
90.98,9.02,11.1,1.1,2.48,-6.03,-6.3,50,62.13,,141.1,-4.8,6.22,0.54,3453
98.91,1.09,18.1,0.2,-6.88,-9.83,-2.74,37.87,51.21,,108.1,-8.59,6.43,0.45,3458
50,50,46,46,-7.98,-2.07,-0.09,,59.03,,144.1,-7.94,7.59,0.06,3463
48.37,51.63,74,79,-8.27,-2.27,-0.03,,66.39,,154.1,-7.94,4.27,0.06,3468
40.83,,,119,-10,-1,-0.16,33.61,65.57,,177.1,-8.68,5.93,0.31,3473
34.27,65.73,,140,-8.09,-2,-0.04,34.43,56.89,,182.1,-9.52,2.97,0.16,3478
87.85,12.15,44.1,6.1,-8.59,5.09,-1.04,,62.45,,246.1,-9.18,4.45,0.22,3483
99.45,0.55,36.1,0.2,-6.91,-3.61,-0.27,,59.88,,200,-9.03,4.37,-0.02,3488
83.96,16.04,58.1,11.1,-6.38,-3.15,-0.07,,32.66,93,45.1,-9.77,1.94,0.39,3493
99.5,0.5,40.1,0.2,-9.29,3.59,-0.57,67.34,0.21,96,0.2,-7.88,6.53,0.41,3498
,1.02,107,1.1,-8.86,-1.71,-0.13,99.79,16.52,147,29.1,-9.44,2.37,0.92,3503
,7.95,117,10.1,-8.79,-2.11,-0.09,,36.82,67.1,39.1,-8.21,5.76,0.2,3508
,24.82,106,35,-8.41,-0.85,0,63.18,85.03,17.1,97.1,-8,5.26,0.04,3513
99.64,0.36,56.1,0.2,-8.69,3.69,-1.04,14.97,71.04,,140.1,-9.79,2.08,0.04,3518
91.99,8.01,93,8.1,-9.07,-1.05,0.07,28.96,57.57,,122.1,-8.69,2.04,0.47,3523
56.44,43.56,92,71,-8.23,-1.61,-0.03,42.43,70.54,,151.1,-9.61,2.76,0.03,3528
,,110.1,49,-10.66,-1.45,0.28,29.46,73.81,,220.1,-9.6,2.39,0.05,3533
95.82,4.18,94,4.1,-9.68,2.1,0.02,26.19,47.52,94,85.1,-10.57,2.84,1.94,3538
51.5,48.5,53.1,50,-9.79,0.56,-0.02,52.48,63.24,,136.1,-7.85,4.54,-0.06,3543
,,,104,-10.36,-2.63,0.07,36.76,66.09,,119.1,-9.53,2.47,0.17,3548
54,46,27,23,-8.38,-1.85,-0.12,33.91,31.03,98,44.1,-10.56,1.93,0.1,3553
86.14,13.86,69,11.1,-8.73,0.96,-0.13,68.97,53.83,18.1,21.1,-7.18,2.6,0.87,3558
,12.23,165,23,-9.26,-3.6,0.18,46.17,65.56,,101.1,-8.9,3.7,0.14,3563
83.53,16.47,71,14,-9.68,-2.26,0.12,34.44,29.5,103,43.1,-8.99,2.67,-0.27,3568
,26.98,157,58,-9.25,-1.04,0.04,,56.56,,177.1,-8.75,3.17,0.08,3573
,16.31,118,23,-9.02,1.07,-0.16,,62.61,,134.1,-9.61,2,-0.04,3578
,24.42,130,42,-9.18,0.14,0.13,37.39,62.67,,131.1,-9.31,1.37,0.16,3583
,,135,45,-10.28,-0.79,0.1,37.33,59.61,,177.1,-9.5,2.63,-0.03,3588
98.82,1.18,92,1.1,-7.68,-2.78,0.16,,70.54,,170,-8.92,5.22,1.51,3593
,26.67,110,40,-9.27,-0.75,0.1,29.46,61.52,,171.1,-11.95,-0.72,0,3598
57.52,42.48,88,65,-8.76,-2.28,0.07,,38.34,,100.1,-9.4,1.46,0.06,3603
,47.17,,100,-8.95,-2.03,0.05,,47.37,89,80.1,-11.56,-4.27,-0.06,3608
,17.11,126,26,-8.83,-2.48,0.01,52.63,61.19,,156.1,-9.9,0.2,0.06,3613
72.65,27.35,85,32,-8.43,-2.97,0.08,38.81,76.2,,176.1,-9.4,1.75,0.05,3618
71.9,28.1,69.1,27,-9,-4.26,0.18,23.8,79.77,23.1,91.1,-9.66,0.69,0.09,3623
32.84,67.16,40.1,82,-6.23,-4.77,-0.02,20.23,99.83,,115.1,-9.67,2.44,-0.05,3628
99.49,0.51,39.1,0.2,-6.56,-4.32,-0.47,0.17,0.27,74.1,0.2,-9.88,3.02,0.36,3633
11.86,88.14,,142,-9.19,1.17,0.33,99.73,86.72,,105.1,-11.71,0.09,-0.18,3638
15.71,84.29,,140,-8.83,0.03,0.27,13.28,79.24,18.1,69.1,-8.79,3.16,-0.46,3643
7.02,92.98,,200,-9.56,0.7,0.54,20.76,66.21,27.1,53.1,-9.96,3.3,-0.52,3648
0.11,,,180,-10.05,0.98,0.52,33.79,76.59,25.1,82.1,-9.83,3.39,-0.46,3653
50,50,0.2,0.2,-1.76,15.06,8.73,23.41,99.18,0.2,24.1,0,11.06,-2.67,3658
,27.98,126.1,49,-7.9,-1.8,-0.17,0.82,92.82,3.1,40.1,-18.18,-30.77,0.18,3663
72.81,27.19,24.1,9,-7.25,-3.2,-0.34,7.18,79.46,25.1,97.1,-8.31,-1.09,-2.94,3668
47.93,52.07,45.1,49,-8.25,-1.8,-0.08,20.54,99.75,0.2,81,-8.63,6.31,0.21,3673
,26.79,101.1,37,-8.3,-1.38,0.26,0.25,95.53,,109.1,-9.19,3.3,0.2,3678
82.31,17.69,79.1,17,-8.84,-0.27,0.1,4.47,99.69,0.2,64.1,-8.77,3.98,-0.2,3683
45.62,54.38,67.1,80,-9.37,0.34,0.31,0.31,78.68,,111.1,-10.04,1.77,-0.09,3688
34.83,65.17,,163,-9.12,-0.35,0.34,21.32,79.48,,132.1,-9.68,1.56,-0.22,3693
50.29,49.71,87,86,-8.02,-2.26,0.08,20.52,56.08,36.1,46.1,-9.14,3.82,-0.03,3698
32.12,67.88,,146,-7.09,-2.42,0.25,43.92,99.42,0.2,34.1,-8.65,5.3,0.09,3703
,63.71,,181,-8.98,-0.36,0.1,0.58,40.05,24.1,16.1,-8.62,5.15,-0.26,3708
48.53,51.47,,105,-8.35,-2.16,0.36,59.95,0.5,40.1,0.2,-9.47,4.23,-0.06,3713
96.84,3.16,95,3.1,-8.8,-1.85,0.59,99.5,0.29,69,0.2,-8.71,3.13,-0.25,3718
,3.1,128,4.1,-8.66,-1.64,0.36,99.71,15.38,1.1,0.2,-9.06,3.32,-0.48,3723
92.7,7.3,52.1,4.1,-8.95,-0.27,-0.16,84.62,0.34,58,0.2,-8.94,3.14,-0.33,3728
54.91,45.09,34.1,28,-8.03,-3.04,-0.21,99.66,99.29,0.2,28.1,-10.26,-0.65,0.3,3733
38.41,61.59,58,93,-8.12,-5.11,-0.23,0.71,99.55,0.2,44.1,-9.99,-1.78,0.43,3738
29.08,70.92,,110,-9.17,-0.6,0.04,0.45,99.81,,105.1,-9.33,0.73,0.1,3743
96.32,3.68,55,2.1,-9.9,-2.45,-0.08,0.19,72.24,18.1,47.1,-9.96,2.53,-0.35,3748
73.28,26.72,85,31,-9.28,-1.6,0.06,27.76,52.38,71,78.1,-9.57,1.07,0.04,3753
78.07,21.93,89,25,-9.22,-2.27,0.03,47.62,67.74,,107.1,-9.81,0.97,0.03,3758
93.65,6.35,90,6.1,-8.59,-0.9,0.03,32.26,78.5,,161,-9.22,1.03,0.07,3763
99.74,0.26,39.1,0.1,-8.99,-0.53,0.11,21.5,72.65,,146.1,-9.49,0.54,0.03,3768
80.07,19.93,24.1,6,-8.65,-3.25,-0.16,27.35,85.12,16.1,92.1,-9.45,-0.24,0.22,3773
74.15,25.85,63.1,22,-7.48,-5.51,-0.54,14.88,0.18,109,0.2,-10.66,2.04,0.6,3778
38.85,61.15,52.1,82,-9.04,-0.64,0.07,,99.62,0.2,53.1,-8.98,2.63,-0.05,3783
54.86,45.14,40.1,33,-8.09,-2.63,-0.24,0.38,90.7,,117.1,-10.03,2,0.23,3788
43.6,56.4,20.1,26,-7.64,-4.95,-0.11,9.3,82.85,,184.1,-8.89,3.67,0.35,3793
93.75,,3,0.2,-18.27,-3.93,-0.94,17.15,42.81,107,80.1,-7.91,6.14,0.34,3798
13.22,86.78,13.1,86,,-14.35,0.63,,,0.2,0.2,0,15.39,8.73,3803
13.54,,14.1,90,-10.25,-8.16,0.39,50,31.67,52,24.1,-4.7,8.46,0.1,3808
34.91,65.09,53.1,99,-4.8,-4.44,-0.17,68.33,93.94,0.2,3.1,-7.3,6.47,0.02,3813
29.28,70.72,,121,-4.96,-5.13,-0.22,6.06,99.69,0.2,64.1,-9.07,4.25,0.27,3818
64.67,35.33,42.1,23,-6.56,-3.06,-0.26,0.31,99.65,0.2,57.1,-9.03,4.37,0.19,3823
98.41,1.59,68.1,1.1,-8.41,-2,-1,0.35,67.64,32.1,67.1,-9.31,4.99,0.14,3828
21.73,78.27,,130,-8.98,2.97,-0.17,32.36,1.16,17.1,0.2,-7.74,2.38,-0.06,3833
54.72,45.28,70.1,58,-7.88,0.31,0.13,98.84,92.07,8.1,94.1,-9.25,1.1,0.19,3838
45.39,54.61,,100,-8.45,-0.65,0.01,7.93,55.55,52.1,65.1,-9.15,4.96,-0.02,3843
35.09,64.91,,126,-8.58,0.31,0.08,44.45,72.54,36,95.1,-10.24,-0.3,0.09,3848
,62.27,,190,-8.82,-1.13,0.07,27.46,43.78,108,84.1,-8.76,0.8,-0.04,3853
,26.55,105.1,38,-8.12,-2.95,0.25,,39.28,,117.1,-9.22,3.33,0.14,3858
53.55,46.45,83,72,-8.48,-3.61,-0.24,,47.14,73,65.1,-9.78,0.58,-0.16,3863
23.79,76.21,,215,-9.2,-1.33,-0.38,52.86,99.82,,109.1,-10.17,-0.38,0.45,3868
,28.57,115,46,-8.44,-3.03,0.23,0.18,98.91,,100.1,-10.1,1.58,0.39,3873
27.61,72.39,,113,-8.58,-3.6,0.08,1.09,46.7,96,84.1,-9.2,1.97,-0.1,3878
19.29,80.71,,172,-9.37,-3.6,0.06,53.3,94.09,6.1,97.1,-9.1,1.29,0.17,3883
62.91,37.09,44.1,26,-9.94,-2.46,-0.07,5.91,85.83,,121.1,-9.01,1.78,0.13,3888
76.39,23.61,84.1,26,-8.74,-2.02,-0.02,14.17,58.52,,141.1,-10.04,-0.43,-0.01,3893
56.55,43.45,78.1,60,-8.82,-1.22,0.02,,42.17,,102.1,-9.69,1.1,0.05,3898
39.68,60.32,,102,-9.02,-1.05,0.11,,58.97,,135.1,-9.47,1.95,-0.01,3903
41.65,58.35,,108,-8.91,-0.99,0.05,41.03,53.18,,167,-9.89,0.6,0.02,3908
37.36,62.64,,136,-9.03,-0.86,0.03,,45.67,,163.1,-9.71,1.27,0.04,3913
38.49,61.51,,136,-9.22,-0.34,0.03,,42.56,,177.1,-9.71,0.91,0.03,3918
31.37,68.63,,149,-9.39,-0.34,0.09,,42.49,,164,-9.69,0.94,0.03,3923
64.75,35.25,90,49,-9.24,-0.95,0.03,,81.54,,177.1,-10.06,0.06,0.01,3928
,28.08,105,41,-9.37,-0.74,0.06,18.46,81.99,,182.1,-9.55,0.91,0.05,3933
77.78,22.22,77,22,-6.54,-2.4,0.05,18.01,81.15,,185.1,-9.24,1.73,0.08,3938
37.08,62.92,50.1,85,-9.58,-5.66,0.36,18.85,83.41,,191.1,-9.65,0.8,0.09,3943
39.78,,62.1,94,-10.29,1.38,-0.09,16.59,99.88,,167.1,-8.53,-0.12,-0.61,3948
19.75,80.25,,232,-8.38,-2.22,0.27,0.12,89.51,,162.1,-8.6,4.22,0.28,3953
17.43,82.57,,190,-9.16,0.62,0.68,10.49,90.07,,164.1,-8.89,2.5,-0.7,3958
26.82,,,134,-10.49,-0.25,0.78,9.93,104.501371,,137.1,-8.95,3.61,-0.29,3963
50,50,0.2,0.2,10.91,5.67,8.73,-4.5,99.36,0.2,31.1,-8.52,6.15,-0.98,3968
,26.61,193.1,70,-7.63,-2.18,-0.42,0.64,50,0.2,0.2,0,11.9,-6.05,3973
68.61,31.39,94,43,-9.1,-1.52,0.07,50,21.98,18.1,5.1,0,13.98,-0.39,3978
,4.63,105,5.1,-9.85,-0.97,0.06,78.02,99.81,,105.1,-8.92,4.07,0.13,3983
97.82,2.18,94.1,2.1,-8.22,-2.54,-0.07,0.19,99.7,0.2,67.1,-7.62,5.88,0.04,3988
89.37,10.63,68.1,8.1,-8.54,-2.33,-0.03,0.3,84.01,18.1,95.1,-10.17,7.02,-0.63,3993
23.32,76.68,30.1,99,-9.05,0.52,0.06,15.99,74.31,11.1,32.1,-8.15,5.16,0.03,3998
39.27,60.73,29.1,45,-8.61,0.8,0.37,25.69,76.94,,107.1,-7.6,6.44,0.16,4003
,9.62,123.1,13.1,-7.47,-1.87,0.3,23.06,99.63,0.2,54.1,-7.85,6.06,-0.24,4008
67.14,32.86,94,46,-8.1,-2.61,0.33,0.37,99.36,0.2,31.1,-8.17,6.21,-0.33,4013
94.14,5.86,98,6.1,-8.38,-2.77,0.23,0.64,99.58,0.2,47.1,-9.18,3.2,-0.25,4018
64.3,35.7,29,16.1,-8.66,-0.83,-0.22,0.42,51.51,16.1,17.1,-8.78,3.28,-0.23,4023
36.54,63.46,50.1,87,-9.13,-0.48,0.2,48.49,99.69,0.2,64.1,-9.45,0.72,0.31,4028
37.35,62.65,16.1,27,-7.85,-4.5,0.09,0.31,99.64,0.2,56.1,-8.77,6.14,0.28,4033
30.23,,22.1,51,-10.01,-2.13,-0.07,0.36,84.92,,135.1,-10.01,0.36,0.08,4038
11.52,88.48,,162,-8.79,-2.08,0.07,15.08,91.56,,142.1,-9.36,1.94,0.18,4043
16.72,83.28,,135,-8.48,-2.87,0.11,8.44,74.83,,205.1,-9.67,1.31,0.11,4048
43.22,56.78,51,67,-8.56,-3.03,-0.04,25.17,83.88,,130.1,-9.78,0.8,0,4053
54.61,45.39,36.1,30,-8.29,-2.77,-0.07,16.12,50.02,,107.1,-9.79,1.63,0.01,4058
88.01,11.99,52.1,7.1,-8.69,-1.69,0.07,,49.77,99,98.1,-9.15,2.81,0.02,4063
